{
	"format_version": "1.8.0",
	"animations": {
		"animation.sculk_projectile.wiggle": {
			"loop": true,
			"animation_length": 1.56,
			"bones": {
				"body": {
					"rotation": {
						"0.0": [0, 5, 0],
						"0.12": [-5, 0, 0],
						"0.24": [0, -5, 0],
						"0.36": [10, 0, 0],
						"0.52": [0, 5, 0],
						"0.64": [-5, 0, 0],
						"0.76": [0, -5, 0],
						"0.88": [10, 0, 0],
						"1.04": [0, 5, 0],
						"1.16": [-5, 0, 0],
						"1.28": [0, -5, 0],
						"1.4": [10, 0, 0],
						"1.56": [0, 5, 0]
					},
					"position": {
						"0.0": [0, 0, 0],
						"0.24": [0, 1, -1],
						"0.52": [0, 0, 0],
						"0.76": [0, 1, -1],
						"1.04": [0, 0, 0],
						"1.28": [0, 1, -1],
						"1.56": [0, 0, 0]
					}
				},
				"echo_2": {
					"rotation": [0, 0, 0],
					"position": {
						"0.0": [0, 0, 0],
						"0.24": [0, -1, 6.46],
						"0.52": [0, 0, 14],
						"0.76": [0, -1, 6.46],
						"1.04": [0, 0, 14],
						"1.28": [0, -1, 6.46],
						"1.56": [0, 0, 14]
					},
					"scale": {
						"0.0": [1, 1, 1],
						"0.24": [1, 1, 1],
						"0.52": [0, 0, 0],
						"0.76": [1, 1, 1],
						"1.04": [0, 0, 0],
						"1.28": [1, 1, 1],
						"1.56": [0, 0, 0]
					}
				},
				"tail": {
					"rotation": {
						"0.0": [0, -10, 0],
						"0.12": [-12.5, 0, 0],
						"0.24": [0, 10, 0],
						"0.36": [-7.5, 1.42857, 0],
						"0.52": [0, -10, 0],
						"0.64": [-12.5, 0, 0],
						"0.76": [0, 10, 0],
						"0.88": [-7.5, 1.42857, 0],
						"1.04": [0, -10, 0],
						"1.16": [-12.5, 0, 0],
						"1.28": [0, 10, 0],
						"1.4": [-7.5, 1.42857, 0],
						"1.56": [0, -10, 0]
					}
				},
				"ribcage_1": {
					"rotation": {
						"0.0": [0, 0, 0],
						"0.04": [-0.64686, 5.01363, 0.02824],
						"0.12": [0, -30, 0],
						"0.16": [0, -40, 0],
						"0.24": [0, 0, 0],
						"0.28": [-0.64502, 4.99968, -0.05643],
						"0.4": [0, -30, 0],
						"0.44": [0, -40, 0],
						"0.52": [0, 0, 0],
						"0.56": [-0.64686, 5.01363, 0.02824],
						"0.64": [0, -30, 0],
						"0.68": [0, -40, 0],
						"0.76": [0, 0, 0],
						"0.8": [-0.64502, 4.99968, -0.05643],
						"0.92": [0, -30, 0],
						"0.96": [0, -40, 0],
						"1.04": [0, 0, 0],
						"1.08": [-0.64686, 5.01363, 0.02824],
						"1.16": [0, -30, 0],
						"1.2": [0, -40, 0],
						"1.28": [0, 0, 0],
						"1.32": [-0.64502, 4.99968, -0.05643],
						"1.44": [0, -30, 0],
						"1.48": [0, -40, 0],
						"1.56": [0, 0, 0]
					}
				},
				"ribcage_2": {
					"rotation": {
						"0.0": [0, 0, 0],
						"0.04": [0, -5, 0],
						"0.12": [0, 30, 0],
						"0.16": [0, 40, 0],
						"0.24": [0, 0, 0],
						"0.28": [0, -5, 0],
						"0.4": [0, 30, 0],
						"0.44": [0, 40, 0],
						"0.52": [0, 0, 0],
						"0.56": [0, -5, 0],
						"0.64": [0, 30, 0],
						"0.68": [0, 40, 0],
						"0.76": [0, 0, 0],
						"0.8": [0, -5, 0],
						"0.92": [0, 30, 0],
						"0.96": [0, 40, 0],
						"1.04": [0, 0, 0],
						"1.08": [0, -5, 0],
						"1.16": [0, 30, 0],
						"1.2": [0, 40, 0],
						"1.28": [0, 0, 0],
						"1.32": [0, -5, 0],
						"1.44": [0, 30, 0],
						"1.48": [0, 40, 0],
						"1.56": [0, 0, 0]
					}
				},
				"tail_flipper": {
					"rotation": {
						"0.0": [0, 0, 0],
						"0.12": {"pre": [0, 0, 0], "post": [0, 0, -180]},
						"0.36": {"pre": [0, 0, -180], "post": [0, 0, 0]},
						"0.52": [0, 0, 0],
						"0.64": {"pre": [0, 0, 0], "post": [0, 0, -180]},
						"0.88": {"pre": [0, 0, -180], "post": [0, 0, 0]},
						"1.04": [0, 0, 0],
						"1.16": {"pre": [0, 0, 0], "post": [0, 0, -180]},
						"1.4": {"pre": [0, 0, -180], "post": [0, 0, 0]},
						"1.56": [0, 0, 0]
					}
				},
				"rotate_bod": {
					"rotation": ["query.camera_rotation(0)", "query.camera_rotation(1)", 0]
				}
			},
			"sound_effects": {
				"0.0": {
					"effect": "sculk_projectile"
				}
			},
			"particle_effects": {
				"0.0": {
					"effect": "echo"
				},
				"0.12": {
					"effect": "echo"
				},
				"0.24": {
					"effect": "echo"
				},
				"0.36": {
					"effect": "echo"
				},
				"0.52": {
					"effect": "echo"
				},
				"0.64": {
					"effect": "echo"
				},
				"0.76": {
					"effect": "echo"
				},
				"0.88": {
					"effect": "echo"
				},
				"1.04": {
					"effect": "echo"
				},
				"1.2": {
					"effect": "echo"
				},
				"1.32": {
					"effect": "echo"
				},
				"1.48": {
					"effect": "echo"
				}
			}
		}
	}
}