{
	"format_version": "1.8.0",
	"animations": {
		"animation.sword.hold": {
			"loop": true,
			"animation_length": 0.32,
			"bones": {
				"rightArm": {
					"rotation": [0, 0, 10]
				},
				"rightItem": {
					"rotation": [10, -2.5, 2.5]
				},
				"tool": {
					"rotation": [10, 40, 0],
					"position": [-5, 9, -4],
					"scale": 0.48
				},
				"sieve": {
					"rotation": [53.46621, 10.44981, 81.53724],
					"position": [-17, 8, 22],
					"scale": 2
				},
				"blade": {
					"rotation": {
						"0.0": [0, 0, 0],
						"0.16": [0, 0, 0],
						"0.32": [0, 0, 0]
					},
					"position": {
						"0.0": [0, -0.5, 0],
						"0.16": [0, 0.5, 0],
						"0.32": [0, -0.5, 0]
					},
					"scale": {
						"0.0": [1, 1, 1],
						"0.16": [0.8, 0.99, 1],
						"0.32": [1, 1, 1]
					}
				},
				"blade2": {
					"rotation": {
						"0.0": [0, 0, 0],
						"0.16": [0, 0, 0],
						"0.32": [0, 0, 0]
					},
					"position": {
						"0.0": [0, 0.5, 0],
						"0.16": [0, -0.5, 0],
						"0.32": [0, 0.5, 0]
					},
					"scale": {
						"0.0": [0.8, 0.99, 1],
						"0.16": [1, 1, 1],
						"0.32": [0.8, 0.99, 1]
					}
				},
				"en_wave": {
					"position": [0, 0, 0],
					"scale": {
						"0.0": [0.5, 0.9, 1],
						"0.08": [0.7, 0.96, 1],
						"0.16": [0.9, 0.97, 1],
						"0.24": [1, 1, 1],
						"0.32": {"pre": [1, 1, 1], "post": [0.5, 0.9, 1]}
					}
				},
				"glow_blade": {
					"scale": [0.9, 0.98, 0.9]
				},
				"glow_swirl": {
					"position": [0, -1, 0],
					"scale": [0.2, 0.2, 1]
				}
			},
			"sound_effects": {
				"0.0": {
					"effect": "idle"
				}
			}
		},
		"animation.sword_third_person.attack": {
			"loop": true,
			"animation_length": 0.32,
			"bones": {
				"rightArm": {
					"rotation": [0, 0, 10]
				},
				"rightItem": {
					"rotation": [10, -2.5, 2.5]
				},
				"tool": {
					"rotation": [10, 40, 0],
					"position": [-5, 9, -4],
					"scale": 0.48
				},
				"sieve": {
					"rotation": [53.46621, 10.44981, 81.53724],
					"position": [-17, 8, 22],
					"scale": 2
				},
				"sculk_sword": {
					"rotation": {
						"0.0": [38.39533, 39.10684, 23.19022],
						"0.08": [0.64944, -18.88084, -4.91705],
						"0.16": [-32.8883, 19.27114, -34.64479],
						"0.24": [-18.90417, -30.66062, -32.64925],
						"0.32": [38.39533, 39.10684, 23.19022]
					}
				},
				"glow_swirl": {
					"position": [0, -1, 0],
					"scale": [0.2, 0.2, 1]
				}
			},
			"sound_effects": {
				"0.0": {
					"effect": "swipe"
				}
			}
		},
		"animation.sword_first_person.hold": {
			"loop": true,
			"animation_length": 0.32,
			"bones": {
				"root": {
					"rotation": [0, -180, 0]
				},
				"rightArm": {
					"rotation": [0, 0, 10]
				},
				"rightItem": {
					"rotation": [42.5, 32.5, -107.5],
					"position": [2, 0, 4]
				},
				"tool": {
					"rotation": [0, -72.5, 0],
					"position": [-12, 4, 0],
					"scale": 1
				},
				"sieve": {
					"rotation": [-20.80156, 25.89982, -17.42023],
					"position": [-1, -7, -1],
					"scale": 0.8
				},
				"sculk_sword": {
					"rotation": [0, -2.5, 0],
					"position": [9, 5, 0]
				},
				"en_wave": {
					"position": [0, 0, 0],
					"scale": {
						"0.0": [0.5, 0.9, 1],
						"0.08": [0.7, 0.96, 1],
						"0.16": [0.9, 0.97, 1],
						"0.24": [1, 1, 1],
						"0.32": {"pre": [1, 1, 1], "post": [0.5, 0.9, 1]}
					}
				},
				"blade": {
					"rotation": {
						"0.0": [0, 0, 0],
						"0.16": [0, 0, 0],
						"0.32": [0, 0, 0]
					},
					"position": {
						"0.0": [0, -0.5, 0],
						"0.16": [0, 0.5, 0],
						"0.32": [0, -0.5, 0]
					},
					"scale": {
						"0.0": [1, 1, 1],
						"0.16": [0.8, 0.99, 1],
						"0.32": [1, 1, 1]
					}
				},
				"blade2": {
					"rotation": {
						"0.0": [0, 0, 0],
						"0.16": [0, 0, 0],
						"0.32": [0, 0, 0]
					},
					"position": {
						"0.0": [0, 0.5, 0],
						"0.16": [0, -0.5, 0],
						"0.32": [0, 0.5, 0]
					},
					"scale": {
						"0.0": [0.8, 0.99, 1],
						"0.16": [1, 1, 1],
						"0.32": [0.8, 0.99, 1]
					}
				},
				"glow_blade": {
					"scale": [0.9, 0.98, 0.9]
				},
				"glow_swirl": {
					"position": [0, -1, 0],
					"scale": [0.2, 0.2, 1]
				}
			},
			"sound_effects": {
				"0.0": {
					"effect": "idle"
				}
			}
		},
		"animation.sword_first_person.throw": {
			"loop": true,
			"animation_length": 0.16,
			"override_previous_animation": true,
			"bones": {
				"root": {
					"rotation": [0, -180, 0]
				},
				"rightArm": {
					"rotation": [0, 0, 10]
				},
				"rightItem": {
					"rotation": [42.5, 32.5, -107.5],
					"position": [2, 0, 4]
				},
				"tool": {
					"rotation": [0, -72.5, 0],
					"position": [-12, 4, 0],
					"scale": 1
				},
				"sieve": {
					"rotation": [-14.56256, 13.5286, -51.91738],
					"position": [-1, -7, -2],
					"scale": 0.8
				},
				"sculk_sword": {
					"rotation": {
						"0.0": [0.24139, 0.24156, -12.19919],
						"0.04": [19.44473, -5.74004, 4.27342],
						"0.08": [-3.05723, -11.24404, 21.07772],
						"0.12": [-35.01073, -7.24472, -3.98778],
						"0.16": [0.24139, 0.24156, -12.19919]
					},
					"position": {
						"0.0": {
							"post": [15, 17, -11],
							"lerp_mode": "catmullrom"
						},
						"0.08": {
							"post": [15, 6, -11],
							"lerp_mode": "catmullrom"
						},
						"0.16": {
							"post": [15, 17, -11],
							"lerp_mode": "catmullrom"
						}
					}
				},
				"en_wave": {
					"scale": {
						"0.0": [1.5, 1, 1],
						"0.16": [1.5, 1, 1]
					}
				},
				"blade": {
					"scale": {
						"0.0": [1.5, 1, 1],
						"0.16": [1.5, 1, 1]
					}
				},
				"blade2": {
					"scale": {
						"0.0": [1.5, 1, 1],
						"0.16": [1.5, 1, 1]
					}
				},
				"glow_heart": {
					"position": {
						"0.0": [0, 0, -1],
						"0.16": [0, 0, -1]
					},
					"scale": {
						"0.0": [1.4, 1.4, 2],
						"0.16": [1.4, 1.4, 2]
					}
				},
				"glow_heart3": {
					"position": {
						"0.0": [0, 0, 1],
						"0.16": [0, 0, 1]
					},
					"scale": {
						"0.0": [1.4, 1.4, 2],
						"0.16": [1.4, 1.4, 2]
					}
				},
				"glow_blade": {
					"scale": {
						"0.0": [1.2, 1.02, 1.2],
						"0.16": [1.2, 1.02, 1.2]
					}
				},
				"glow_swirl": {
					"rotation": [90, 0, 0],
					"position": {
						"0.0": [-6, 40, 10],
						"0.04": [5, 56, 10],
						"0.08": [5, 30, -8],
						"0.12": [-5, 51, -8],
						"0.16": [-6, 40, 10]
					},
					"scale": {
						"0.0": [2, 2, 2],
						"0.08": [1, 1, 1],
						"0.16": [2, 2, 2]
					}
				},
				"glow_rotator": {
					"rotation": {
						"0.0": [-20, 0, 0],
						"0.08": [-20, 0, 180],
						"0.16": [-20, 0, 360]
					}
				}
			},
			"sound_effects": {
				"0.0": {
					"effect": "charge"
				}
			}
		},
		"animation.sword_first_person.attack": {
			"loop": true,
			"animation_length": 0.24,
			"override_previous_animation": true,
			"bones": {
				"root": {
					"rotation": [0, -180, 0]
				},
				"rightArm": {
					"rotation": [0, 0, 10]
				},
				"rightItem": {
					"rotation": [42.5, 32.5, -107.5],
					"position": [2, 0, 4]
				},
				"tool": {
					"rotation": [0, -72.5, 0],
					"position": [-12, 4, 0],
					"scale": 1
				},
				"sieve": {
					"rotation": [-20.80156, 25.89982, -17.42023],
					"position": [-1, -7, -1],
					"scale": 0.8
				},
				"sculk_sword": {
					"rotation": {
						"0.0": [0, 0, -2.5],
						"0.08": [-19.82692, 14.7206, -77.08051],
						"0.16": [2.48552, -22.89777, -44.78627],
						"0.24": [0, 0, -2.5]
					},
					"position": {
						"0.0": [8, 4, 0],
						"0.12": [-6, 11, 2],
						"0.24": [8, 4, 0]
					}
				},
				"glow_swirl": {
					"position": [0, -1, 0],
					"scale": [0.2, 0.2, 1]
				}
			},
			"sound_effects": {
				"0.0": {
					"effect": "swipe"
				}
			}
		},
		"animation.sword_third_person.throw": {
			"loop": true,
			"animation_length": 0.16,
			"override_previous_animation": true,
			"bones": {
				"sculk_sword": {
					"rotation": {
						"0.0": [0.24139, 0.24156, -12.19919],
						"0.04": [19.44473, -5.74004, 4.27342],
						"0.08": [-3.05723, -11.24404, 21.07772],