{
	"format_version": "1.8.0",
	"animations": {
		"animation.warden_heart.hold": {
			"loop": true,
			"animation_length": 3.12,
			"bones": {
				"spine": {
					"rotation": [27.44283, 45.8048, 20.11844],
					"position": [-3, -1, 3]
				},
				"heart": {
					"scale": {
						"0.0": [1, 1, 1],
						"0.16": {"pre": [1, 1, 1], "post": [0, 0, 0]},
						"0.44": {"pre": [0, 0, 0], "post": [1, 1, 1]},
						"0.64": {"pre": [1, 1, 1], "post": [0, 0, 0]},
						"0.92": {"pre": [0, 0, 0], "post": [1, 1, 1]},
						"1.16": {"pre": [1, 1, 1], "post": [0, 0, 0]},
						"1.44": {"pre": [0, 0, 0], "post": [1, 1, 1]},
						"1.68": {"pre": [1, 1, 1], "post": [0, 0, 0]},
						"1.96": {"pre": [0, 0, 0], "post": [1, 1, 1]},
						"2.16": {"pre": [1, 1, 1], "post": [0, 0, 0]},
						"2.44": {"pre": [0, 0, 0], "post": [1, 1, 1]},
						"2.68": {"pre": [1, 1, 1], "post": [0, 0, 0]},
						"2.96": {"pre": [0, 0, 0], "post": [1, 1, 1]},
						"3.12": [1, 1, 1]
					}
				},
				"heart2": {
					"scale": {
						"0.0": [0, 0, 0],
						"0.16": {"pre": [0, 0, 0], "post": [1, 1, 1]},
						"0.44": {"pre": [1, 1, 1], "post": [0, 0, 0]},
						"0.64": {"pre": [0, 0, 0], "post": [1, 1, 1]},
						"0.92": {"pre": [1, 1, 1], "post": [0, 0, 0]},
						"1.16": {"pre": [0, 0, 0], "post": [1, 1, 1]},
						"1.44": {"pre": [1, 1, 1], "post": [0, 0, 0]},
						"1.68": {"pre": [0, 0, 0], "post": [1, 1, 1]},
						"1.96": {"pre": [1, 1, 1], "post": [0, 0, 0]},
						"2.16": {"pre": [0, 0, 0], "post": [1, 1, 1]},
						"2.44": {"pre": [1, 1, 1], "post": [0, 0, 0]},
						"2.68": {"pre": [0, 0, 0], "post": [1, 1, 1]},
						"2.96": {"pre": [1, 1, 1], "post": [0, 0, 0]},
						"3.12": [0, 0, 0]
					}
				},
				"hearts": {
					"rotation": [11.50839, 29.4987, -111.77489],
					"position": [4, 16, 3],
					"scale": {
						"0.0": [1, 1, 1],
						"0.16": [1, 1, 1],
						"0.24": [1.2, 1.2, 1.2],
						"0.32": [1, 1, 1],
						"0.4": [1.2, 1.2, 1.2],
						"0.64": [1, 1, 1],
						"0.72": [1.2, 1.2, 1.2],
						"0.8": [1, 1, 1],
						"0.88": [1.2, 1.2, 1.2],
						"1.16": [1, 1, 1],
						"1.24": [1.2, 1.2, 1.2],
						"1.32": [1, 1, 1],
						"1.4": [1.2, 1.2, 1.2],
						"1.68": [1, 1, 1],
						"1.76": [1.2, 1.2, 1.2],
						"1.84": [1, 1, 1],
						"1.92": [1.2, 1.2, 1.2],
						"2.16": [1, 1, 1],
						"2.24": [1.2, 1.2, 1.2],
						"2.32": [1, 1, 1],
						"2.4": [1.2, 1.2, 1.2],
						"2.68": [1, 1, 1],
						"2.76": [1.2, 1.2, 1.2],
						"2.84": [1, 1, 1],
						"2.92": [1.2, 1.2, 1.2],
						"3.12": [1, 1, 1]
					}
				},
				"rightArm": {
					"rotation": [0, 0, 10]
				},
				"rightItem": {
					"rotation": [10, -2.5, 2.5]
				},
				"tool": {
					"rotation": [10, 40, 0],
					"position": [-5, 9, -4],
					"scale": 0.48
				},
				"sieve": {
					"rotation": [-58.79637, 24.18475, 96.1499],
					"position": [-8, 19, -15],
					"scale": 1.5
				}
			},
			"sound_effects": {
				"0.08": {
					"effect": "beats"
				},
				"0.56": {
					"effect": "beats"
				},
				"1.08": {
					"effect": "beats"
				},
				"1.6": {
					"effect": "beats"
				},
				"2.08": {
					"effect": "beats"
				},
				"2.6": {
					"effect": "beats"
				}
			}
		},
		"animation.warden_heart_first_person.hold": {
			"loop": true,
			"animation_length": 3.12,
			"bones": {
				"spine": {
					"rotation": [6.34458, -77.88938, 7.67778]
				},
				"heart": {
					"scale": {
						"0.0": [1, 1, 1],
						"0.16": {"pre": [1, 1, 1], "post": [0, 0, 0]},
						"0.44": {"pre": [0, 0, 0], "post": [1, 1, 1]},
						"0.64": {"pre": [1, 1, 1], "post": [0, 0, 0]},
						"0.92": {"pre": [0, 0, 0], "post": [1, 1, 1]},
						"1.16": {"pre": [1, 1, 1], "post": [0, 0, 0]},
						"1.44": {"pre": [0, 0, 0], "post": [1, 1, 1]},
						"1.68": {"pre": [1, 1, 1], "post": [0, 0, 0]},
						"1.96": {"pre": [0, 0, 0], "post": [1, 1, 1]},
						"2.16": {"pre": [1, 1, 1], "post": [0, 0, 0]},
						"2.44": {"pre": [0, 0, 0], "post": [1, 1, 1]},
						"2.68": {"pre": [1, 1, 1], "post": [0, 0, 0]},
						"2.96": {"pre": [0, 0, 0], "post": [1, 1, 1]},
						"3.12": [1, 1, 1]
					}
				},
				"heart2": {
					"scale": {
						"0.0": [0, 0, 0],
						"0.16": {"pre": [0, 0, 0], "post": [1, 1, 1]},
						"0.44": {"pre": [1, 1, 1], "post": [0, 0, 0]},
						"0.64": {"pre": [0, 0, 0], "post": [1, 1, 1]},
						"0.92": {"pre": [1, 1, 1], "post": [0, 0, 0]},
						"1.16": {"pre": [0, 0, 0], "post": [1, 1, 1]},
						"1.44": {"pre": [1, 1, 1], "post": [0, 0, 0]},
						"1.68": {"pre": [0, 0, 0], "post": [1, 1, 1]},
						"1.96": {"pre": [1, 1, 1], "post": [0, 0, 0]},
						"2.16": {"pre": [0, 0, 0], "post": [1, 1, 1]},
						"2.44": {"pre": [1, 1, 1], "post": [0, 0, 0]},
						"2.68": {"pre": [0, 0, 0], "post": [1, 1, 1]},
						"2.96": {"pre": [1, 1, 1], "post": [0, 0, 0]},
						"3.12": [0, 0, 0]
					}
				},
				"hearts": {
					"rotation": [21.02559, -51.86684, 3.24041],
					"position": [-2, 3, 1],
					"scale": {
						"0.0": [1, 1, 1],
						"0.16": [1, 1, 1],
						"0.24": [1.2, 1.2, 1.2],
						"0.32": [1, 1, 1],
						"0.4": [1.2, 1.2, 1.2],
						"0.64": [1, 1, 1],
						"0.72": [1.2, 1.2, 1.2],
						"0.8": [1, 1, 1],
						"0.88": [1.2, 1.2, 1.2],
						"1.16": [1, 1, 1],
						"1.24": [1.2, 1.2, 1.2],
						"1.32": [1, 1, 1],
						"1.4": [1.2, 1.2, 1.2],
						"1.68": [1, 1, 1],
						"1.76": [1.2, 1.2, 1.2],
						"1.84": [1, 1, 1],
						"1.92": [1.2, 1.2, 1.2],
						"2.16": [1, 1, 1],
						"2.24": [1.2, 1.2, 1.2],
						"2.32": [1, 1, 1],
						"2.4": [1.2, 1.2, 1.2],
						"2.68": [1, 1, 1],
						"2.76": [1.2, 1.2, 1.2],
						"2.84": [1, 1, 1],
						"2.92": [1.2, 1.2, 1.2],
						"3.12": [1, 1, 1]
					}
				},
				"root": {
					"rotation": [0, -180, 0]
				},
				"rightItem": {
					"rotation": [42.5, 32.5, -107.5],
					"position": [2, 0, 4]
				},
				"tool": {
					"rotation": [0, -72.5, 0],
					"position": [-12, 4, 0],
					"scale": 1
				},
				"sieve": {
					"rotation": [-31.23961, 23.18125, -31.11462],
					"position": [-1, 2, -4],
					"scale": 1.5
				}
			},
			"sound_effects": {
				"0.08": {
					"effect": "beats"
				},
				"0.56": {
					"effect": "beats"
				},
				"1.08": {
					"effect": "beats"
				},
				"1.6": {
					"effect": "beats"
				},
				"2.08": {
					"effect": "beats"
				},
				"2.6": {
					"effect": "beats"
				}
			}
		},
		"animation.warden_heart.general": {
			"loop": true,
			"animation_length": 3.12,
			"bones": {
				"heart": {
					"scale": {
						"0.0": [1, 1, 1],
						"0.16": {"pre": [1, 1, 1], "post": [0, 0, 0]},
						"0.44": {"pre": [0, 0, 0], "post": [1, 1, 1]},
						"0.64": {"pre": [1, 1, 1], "post": [0, 0, 0]},
						"0.92": {"pre": [0, 0, 0], "post": [1, 1, 1]},
						"1.16": {"pre": [1, 1, 1], "post": [0, 0, 0]},
						"1.44": {"pre": [0, 0, 0], "post": [1, 1, 1]},
						"1.68": {"pre": [1, 1, 1], "post": [0, 0, 0]},
						"1.96": {"pre": [0, 0, 0], "post": [1, 1, 1]},
						"2.16": {"pre": [1, 1, 1], "post": [0, 0, 0]},
						"2.44": {"pre": [0, 0, 0], "post": [1, 1, 1]},
						"2.68": {"pre": [1, 1, 1], "post": [0, 0, 0]},
						"2.96": {"pre": [0, 0, 0], "post": [1, 1, 1]},
						"3.12": [1, 1, 1]
					}
				},
				"heart2": {
					"scale": {
						"0.0": [0, 0, 0],
						"0.16": {"pre": [0, 0, 0], "post": [1, 1, 1]},
						"0.44": {"pre": [1, 1, 1], "post": [0, 0, 0]},
						"0.64": {"pre": [0, 0, 0], "post": [1, 1, 1]},
						"0.92": {"pre": [1, 1, 1], "post": [0, 0, 0]},
						"1.16": {"pre": [0, 0, 0], "post": [1, 1, 1]},
						"1.44": {"pre": [1, 1, 1], "post": [0, 0, 0]},
						"1.68": {"pre": [0, 0, 0], "post": [1, 1, 1]},
						"1.96": {"pre": [1, 1, 1], "post": [0, 0, 0]},
						"2.16": {"pre": [0, 0, 0], "post": [1, 1, 1]},
						"2.44": {"pre": [1, 1, 1], "post": [0, 0, 0]},
						"2.68": {"pre": [0, 0, 0], "post": [1, 1, 1]},
						"2.96": {"pre": [1, 1, 1], "post": [0, 0, 0]},
						"3.12": [0, 0, 0]
					}
				},
				"hearts": {
					"scale": {
						"0.0": [1, 1, 1],
						"0.16": [1, 1, 1],
						"0.24": [1.2, 1.2, 1.2],